Dataset,Proust without CNN,Proust
2720,0.5873640657022602,0.7970342382637026
6432,0.46617623002263014,0.4942942676144339
6522,0.5470353250003959,0.5948288847861055
8667,0.4330342672785942,0.4763316647955502
