Sample,Time (s),GPU Memory (MB)
2720,19.675766706466675,362.36474609375
6432,22.070462942123413,453.88818359375
6522,34.17283391952515,575.91748046875
8667,26.596834421157837,651.8623046875
